{
  "project_info": {
    "project_number": "1064801826382",
    "project_id": "privacy-messenger",
    "storage_bucket": "privacy-messenger.appspot.com"
  },
  "client": [
    {
      "client_info": {
        "mobilesdk_app_id": "1:1064801826382:android:04594ce708ce20097ab51f",
        "android_client_info": {
          "package_name": "co.messenger.privacy_messenger"
        }
      },
      "oauth_client": [
        {
          "client_id": "1064801826382-5kkdbk9dn8ktf9c8g16ru6o6ues7qp0s.apps.googleusercontent.com",
          "client_type": 3
        }
      ],
      "api_key": [
        {
          "current_key": "AIzaSyDr8K2pDNFIpL-Ngvc_rbnX7ys7KcBTVEo"
        }
      ],
      "services": {
        "appinvite_service": {
          "other_platform_oauth_client": [
            {
              "client_id": "1064801826382-5kkdbk9dn8ktf9c8g16ru6o6ues7qp0s.apps.googleusercontent.com",
              "client_type": 3
            }
          ]
        }
      }
    }
  ],
  "configuration_version": "1"
}